{
  "hash": "a845f17d",
  "configHash": "f7a3405c",
  "lockfileHash": "bd4c33db",
  "browserHash": "10f6337e",
  "optimized": {
    "@angular/common": {
      "src": "../../../../../../node_modules/@angular/common/fesm2022/common.mjs",
      "file": "@angular_common.js",
      "fileHash": "6b1e6177",
      "needsInterop": false
    },
    "@angular/common/http": {
      "src": "../../../../../../node_modules/@angular/common/fesm2022/http.mjs",
      "file": "@angular_common_http.js",
      "fileHash": "2b8fbce1",
      "needsInterop": false
    },
    "@angular/core": {
      "src": "../../../../../../node_modules/@angular/core/fesm2022/core.mjs",
      "file": "@angular_core.js",
      "fileHash": "9f1036ee",
      "needsInterop": false
    },
    "@angular/forms": {
      "src": "../../../../../../node_modules/@angular/forms/fesm2022/forms.mjs",
      "file": "@angular_forms.js",
      "fileHash": "a1d5f93f",
      "needsInterop": false
    },
    "@angular/platform-browser": {
      "src": "../../../../../../node_modules/@angular/platform-browser/fesm2022/platform-browser.mjs",
      "file": "@angular_platform-browser.js",
      "fileHash": "d35b5601",
      "needsInterop": false
    },
    "@angular/router": {
      "src": "../../../../../../node_modules/@angular/router/fesm2022/router.mjs",
      "file": "@angular_router.js",
      "fileHash": "388ca1a1",
      "needsInterop": false
    }
  },
  "chunks": {
    "chunk-LWM3CF47": {
      "file": "chunk-LWM3CF47.js"
    },
    "chunk-XIQE5WNU": {
      "file": "chunk-XIQE5WNU.js"
    },
    "chunk-B5DXZVOY": {
      "file": "chunk-B5DXZVOY.js"
    },
    "chunk-OQP7OUDA": {
      "file": "chunk-OQP7OUDA.js"
    },
    "chunk-ASHZZYI7": {
      "file": "chunk-ASHZZYI7.js"
    }
  }
}